{
    "Moreland (C)": [
        -37.713559950000004,
        144.94516427308633
    ],
    "Alpine (S)": [
        -36.7349332,
        146.9628779
    ],
    "Ararat (RC)": "Coordinates not found",
    "Ballarat (C)": [
        -37.5623013,
        143.8605645
    ],
    "Banyule (C)": [
        -37.7373347,
        145.100519
    ],
    "Bass Coast (S)": [
        -38.5187123,
        145.4568004
    ],
    "Baw Baw (S)": [
        -37.837648,
        146.3227012919366
    ],
    "Bayside (C)": [
        -37.8951261,
        144.7774568
    ],
    "Benalla (RC)": "Coordinates not found",
    "Boroondara (C)": [
        -37.422234,
        145.5744128
    ],
    "Brimbank (C)": [
        -37.790212499999996,
        144.7628821125
    ],
    "Buloke (S)": [
        -36.4138298,
        145.4046512
    ],
    "Campaspe (S)": [
        -36.12944950000001,
        144.74889092112414
    ],
    "Cardinia (S)": [
        -38.1436364,
        145.4178196
    ],
    "Casey (C)": [
        -38.064571799999996,
        145.2983225478789
    ],
    "Central Goldfields (S)": "Coordinates not found",
    "Colac-Otway (S)": [
        -38.3399766,
        143.5858537
    ],
    "Corangamite (S)": [
        -38.1946822,
        143.5129827
    ],
    "Darebin (C)": [
        -37.77695505,
        145.03315329655507
    ],
    "East Gippsland (S)": [
        -37.1010895,
        147.59175747207604
    ],
    "Frankston (C)": [
        -38.1444729,
        145.1268808
    ],
    "Gannawarra (S)": [
        -35.7169085,
        144.14603632589694
    ],
    "Greater Shepparton (C)": "Coordinates not found",
    "Hepburn (S)": [
        -37.3121248,
        144.1388993333649
    ],
    "Hindmarsh (S)": [
        -36.1410186,
        141.99059386747206
    ],
    "Hobsons Bay (C)": [
        -37.838063,
        144.9316146
    ],
    "Horsham (RC)": "Coordinates not found",
    "Hume (C)": [
        -37.6877112,
        144.9594538
    ],
    "Indigo (S)": [
        -36.027705,
        146.6540962
    ],
    "Kingston (C) (Vic.)": [
        -37.3798825,
        143.95862170507291
    ],
    "Knox (C)": [
        -37.877305,
        145.2217372368067
    ],
    "Latrobe (C) (Vic.)": [
        -38.1983862,
        146.53819038091055
    ],
    "Loddon (S)": [
        -36.75924455,
        144.28570828907783
    ],
    "Macedon Ranges (S)": [
        -37.368374,
        144.5869226
    ],
    "Manningham (C)": [
        -37.7744684,
        145.1153834
    ],
    "Mansfield (S)": [
        -37.07284435,
        146.12022834952393
    ],
    "Maribyrnong (C)": [
        -37.7695144,
        144.8902049
    ],
    "Maroondah (C)": [
        -37.7713289,
        145.2937483393202
    ],
    "Melbourne (C)": [
        -37.843084700000006,
        144.96137506618197
    ],
    "Melton (C)": [
        -37.6835714,
        144.5828446
    ],
    "Mildura (RC)": [
        -34.173468299999996,
        142.13657245981622
    ],
    "Mitchell (S)": [
        -36.77632495,
        144.83163824972166
    ],
    "Moira (S)": [
        -36.0889295,
        144.9755036376664
    ],
    "Monash (C)": [
        -37.9137977,
        145.1320338
    ],
    "Moonee Valley (C)": [
        -37.765575,
        144.9212864
    ],
    "Moorabool (S)": [
        -38.0666588,
        144.2925356
    ],
    "Mornington Peninsula (S)": [
        -38.1739855,
        145.1626863
    ],
    "Glen Eira (C)": [
        -37.87062345,
        145.02995925513054
    ],
    "Glenelg (S)": [
        -37.5403033,
        141.3972946
    ],
    "Golden Plains (S)": "Coordinates not found",
    "Greater Bendigo (C)": "Coordinates not found",
    "Greater Dandenong (C)": "Coordinates not found",
    "Greater Geelong (C)": [
        -38.09135405000001,
        144.3322401291153
    ],
    "Mount Alexander (S)": [
        -37.7780673,
        144.9375733
    ],
    "Moyne (S)": [
        -37.6561834,
        144.930246
    ],
    "Murrindindi (S)": [
        -37.369336000000004,
        145.58227012238598
    ],
    "Nillumbik (S)": [
        -37.65491985,
        145.1253792518534
    ],
    "Northern Grampians (S)": [
        -36.9452273,
        142.32382
    ],
    "Port Phillip (C)": [
        -38.2363543,
        145.0464958
    ],
    "Pyrenees (S)": [
        -37.0985378,
        144.1114699
    ],
    "Queenscliffe (B)": "Coordinates not found",
    "South Gippsland (S)": [
        -38.54536765,
        146.37318139554043
    ],
    "Southern Grampians (S)": "Coordinates not found",
    "Stonnington (C)": [
        -37.84897775,
        145.04243961578987
    ],
    "Strathbogie (S)": [
        -36.8564674,
        145.73589
    ],
    "Surf Coast (S)": [
        -38.2292173,
        144.3358726
    ],
    "Swan Hill (RC)": "Coordinates not found",
    "Towong (S)": [
        -36.1269001,
        147.9879493
    ],
    "Wangaratta (RC)": "Coordinates not found",
    "Warrnambool (C)": [
        -38.3826241,
        142.4814191
    ],
    "Wellington (S)": [
        -37.8173966,
        144.988347
    ],
    "West Wimmera (S)": [
        -37.035622,
        141.2993312
    ],
    "Whitehorse (C)": [
        -37.8171988,
        145.2105656
    ],
    "Whittlesea (C)": [
        -37.5121301,
        145.1177321
    ],
    "Wodonga (C)": [
        -36.1205539,
        146.8880837
    ],
    "Wyndham (C)": [
        -37.8868742,
        144.624117
    ],
    "Yarra (C)": [
        -37.8377695,
        144.9918537
    ],
    "Yarra Ranges (S)": [
        -37.6573475,
        145.3743964
    ],
    "Yarriambiack (S)": [
        -36.4318664,
        142.4034108
    ],
    "Unincorporated Vic": "Coordinates not found"
}